"Country","Year","CO2_emission","Continent","Population","avgT","GDP","energy_consumption"
"Afghanistan",1970,12192704,"Asia",10752971,14.78,"1748886596",0.0
"Afghanistan",1980,31793984,"Asia",12486631,14.89,"3641723322",7.790772438
"Afghanistan",1990,59182404,"Asia",10694796,14.99,"",31.74555779
"Afghanistan",2000,71679740,"Asia",19542982,15.5,"",5.913606167
"Afghanistan",2010,100148964,"Asia",28189672,15.83,"15856678596",34.7402153
"Afghanistan",2015,146592505,"Asia",33753499,16.53,"19134211764",37.01198578
"Albania",1970,43125280,"Europe",2324731,12.84,"",0.0
"Albania",1980,97231568,"Europe",2941651,12.16,"",47.76525879
"Albania",1990,172416848,"Europe",3295066,13.47,"2028553750",33.65784454
"Albania",2000,196683520,"Europe",3182021,13.75,"3480355258",28.73191261
"Albania",2010,236833632,"Europe",2913399,13.78,"11926922829",36.06064606
"Albania",2015,261576624,"Europe",2882481,14.99,"11386850130",34.08337402
"Algeria",1970,141005031,"Africa",13795915,23.32,"4863487493",36.75889969
"Algeria",1980,545525738,"Africa",18739378,23.16,"42346380831",177.1429443
"Algeria",1990,1227318081,"Africa",25518074,24.01,"62048562947",314.9737244
"Algeria",2000,2113382298,"Africa",30774621,24.03,"54790392746",299.9456482
"Algeria",2010,3127578673,"Africa",35856344,25.22,"161207000000",438.9949036
"Algeria",2015,3800143440,"Africa",39543154,25.12,"165979000000",617.5181274
"Andorra",1990,406704,"Europe",53569,12.46,"1029048482",0.0
"Andorra",2000,4909760,"Europe",66097,12.31,"1429049198",0.0
"Andorra",2010,10292176,"Europe",71519,11.48,"3449925739",0.0
"Andorra",2015,12673776,"Europe",71746,12.31,"2789881259",0.0
"Angola",1970,20430952,"Africa",6029700,22.15,"",0.0
"Angola",1980,65516644,"Africa",8330047,22.08,"5930503401",17.1054306
"Angola",1990,115662882,"Africa",11828638,22.47,"11228764963",23.33098793
"Angola",2000,190139578,"Africa",16394062,22.36,"9129594819",32.44805908
"Angola",2010,388098878,"Africa",23364185,22.68,"81699556137",83.17874146
"Angola",2015,552375384,"Africa",28127721,22.51,"87219290029",116.9994583
"Antigua and Barbuda",1970,4213600,"North America",64516,26.74,"",0.0
"Antigua and Barbuda",1980,8386896,"North America",64888,27.12,"131431026.7",1.701235294
"Antigua and Barbuda",1990,10581632,"North America",63328,26.93,"459470370.4",1.749203444
"Antigua and Barbuda",2000,12999872,"North America",75055,26.89,"826370370.4",2.136283636
"Antigua and Barbuda",2010,16825088,"North America",85695,27.74,"1148700000",2.837390184
"Antigua and Barbuda",2015,19129744,"North America",89941,27.25,"1336692593",3.043347836
"Argentina",1970,1599023582,"South America",23842803,15.2,"31584210366",353.4729919
"Argentina",1980,2584472008,"South America",28024803,15.23,"76961923741",471.9790955
"Argentina",1990,3671448186,"South America",32637657,15.16,"1.41352E+11",513.0083008
"Argentina",2000,4979454768,"South America",37070774,14.75,"2.84204E+11",698.7369385
"Argentina",2010,6593602747,"South America",41100123,15.08,"423627000000",884.8989868
"Argentina",2015,7546787804,"South America",43257065,14.46,"594749000000",996.5343628
"Armenia",1970,93277452,"Asia",2534377,9.85,"",0.0
"Armenia",1980,162665884,"Asia",3135123,9.36,"",0.0
"Armenia",1990,248525343,"Asia",3556539,9.26,"2256838858",0.0
"Armenia",2000,286200967,"Asia",3168523,9.92,"1911563669",29.37366676
"Armenia",2010,328026059,"Asia",2946293,11.51,"9260284938",39.33750534
"Armenia",2015,355351629,"Asia",2878595,11.34,"10553337673",40.66277695
"Aruba",1970,17579345,"North America",59106,28.37,"",0.0
"Aruba",1980,24952181,"North America",62267,28.63,"",0.0
"Aruba",1990,30564645,"North America",65712,28.24,"764804469.3",2.292013645
"Aruba",2000,39127413,"North America",89101,28.13,"1873184358",4.417369843
"Aruba",2010,65193109,"North America",100341,28.97,"2453631285",5.357860565
"Aruba",2015,71671061,"North America",104257,28.54,"2963128492",5.400848866
"Australia",1970,3243660321,"Oceania",12595034,21.78,"41337215814",570.1016235
"Australia",1980,5061289622,"Oceania",14706322,22.59,"1.50032E+11",844.2469482
"Australia",1990,7540841121,"Oceania",17048003,22.36,"3.11327E+11",1033.059448
"Australia",2000,10689033670,"Oceania",19017963,21.71,"4.15576E+11",1305.259521
"Australia",2010,14578929980,"Oceania",22019168,22.08,"1147590000000",1508.838623
"Australia",2015,16582643483,"Oceania",23820236,22.14,"1350530000000",1599.560547
"Austria",1970,2339272621,"Europe",7465301,5.93,"15373005557",254.149231
"Austria",1980,2903706486,"Europe",7547561,5.63,"82058912997",320.8738098
"Austria",1990,3453229292,"Europe",7678729,7.34,"1.66463E+11",335.1677551
"Austria",2000,4098183486,"Europe",8010428,8.08,"1.9729E+11",391.4245911
"Austria",2010,4838108349,"Europe",8362829,6.65,"392275000000",420.0735779
"Austria",2015,5173531524,"Europe",8642421,8.06,"381971000000",395.284729
"Azerbaijan",1970,540978845,"Asia",5425317,12.26,"",0.0
"Azerbaijan",1980,941401411,"Asia",6383060,11.8,"",0.0
"Azerbaijan",1990,1435896132,"Asia",7427836,11.99,"8858006036",260.551239
"Azerbaijan",2000,1816550287,"Asia",8190337,12.63,"5272798391",131.6309814
"Azerbaijan",2010,2139476101,"Asia",9237202,13.96,"52909294792",130.848053
"Azerbaijan",2015,2316678208,"Asia",9863480,14.17,"53074370486",171.3279572
"Bahamas",1970,14764728,"North America",179129,25.04,"538423153.7",0.0
"Bahamas",1980,89109294,"North America",223752,25.51,"1335300000",17.6760788
"Bahamas",1990,107883409,"North America",270679,25.99,"3166000000",12.011941910000001
"Bahamas",2000,126573473,"North America",325014,25.45,"8076470000",16.46298409
"Bahamas",2010,146073281,"North America",373272,25.23,"10095760000",13.26292706
"Bahamas",2015,157768769,"North America",392697,26.01,"11861900000",11.81909847
"Bahrain",1970,72367664,"Asia",222555,26.33,"",0.0
"Bahrain",1980,133552800,"Asia",362595,26.56,"3072698328",40.17396545
"Bahrain",1990,238199114,"Asia",517418,26.34,"4229787234",75.09365082
"Bahrain",2000,393106767,"Asia",711442,27.07,"9062898936",111.8770447
"Bahrain",2010,610556764,"Asia",1213645,28.07,"25713271277",172.2404785
"Bangladesh",2015,1135228712,"Asia",157830000,25.97,"195079000000",363.5335083
"Barbados",1970,4385808,"North America",241397,26.77,"",0.0
"Barbados",1980,9936768,"North America",253575,27.15,"1012280615",4.281007767
"Barbados",1990,18404685,"North America",258868,26.94,"2012131457",5.501600266
"Barbados",2000,28350056,"North America",264657,26.9,"3059500000",6.965417862
"Barbados",2010,41948792,"North America",274711,27.84,"4529928302",7.373278618
"Barbados",2015,48884231,"North America",278083,27.25,"4724691213",6.832759857
"Belarus",1970,1136336208,"Europe",9170786,5.76,"",0.0
"Belarus",1980,1975817091,"Europe",9817257,5.0,"",0.0
"Belarus",1990,3030868628,"Europe",10428525,7.76,"21650000000",465.9725037
"Belarus",2000,3697377158,"Europe",10256483,7.91,"12736856828",255.06027219999999
"Belarus",2010,4300258802,"Europe",9731427,7.04,"57222490769",306.2483521
"Belarus",2015,4608445520,"Europe",9700609,8.27,"56454734397",267.0302429
"Belgium",1970,6680529187,"Europe",9629376,9.5,"26706196047",539.5910645
"Belgium",1980,7993899148,"Europe",9828986,9.3,"1.26829E+11",566.1063843
"Belgium",1990,9076545842,"Europe",9959560,10.94,"2.05332E+11",621.3526611
"Belgium",2000,10329710813,"Europe",10264343,11.03,"2.36792E+11",743.3484497
"Belgium",2010,11552112925,"Europe",10877947,9.36,"481421000000",773.2404175
"Belgium",2015,12060100184,"Europe",11248303,10.06,"462336000000",670.9188232
"Belize",1970,1238432,"North America",120905,25.14,"53233532.93",0.0
"Belize",1980,3004480,"North America",145133,25.67,"197938222.4",1.05275774
"Belize",1990,5188224,"North America",182589,25.55,"412086445.5",1.433229566
"Belize",2000,8888864,"North America",240406,25.29,"832072450",2.413468599
"Belize",2010,13424896,"North America",322106,25.5,"1387925188",3.379774094
"Belize",2015,15978704,"North America",359871,26.21,"1734320479",3.670005083
"Benin",1970,1960240,"Africa",3023443,27.52,"333627758.2",0.0
"Benin",1980,5638738,"Africa",3833939,27.56,"1405251547",1.912735939
"Benin",1990,10814209,"Africa",5133419,27.79,"1959965244",2.556783438
"Benin",2000,21903370,"Africa",6998023,27.64,"3519991326",6.864806652
"Benin",2010,53284824,"Africa",9445710,28.33,"9535344283",21.60961914
"Benin",2015,76854623,"Africa",10932783,28.16,"11388160958",22.77846336
"Bhutan",1970,3664,"Asia",298894,12.11,"",0.0
"Bhutan",1980,87936,"Asia",415257,12.23,"128717410.9",0.03957139
"Bhutan",1990,747456,"Asia",558442,12.21,"287658184",3.730477333
"Bhutan",2000,3519838,"Asia",587207,12.0,"424464089.9",4.973111629
"Bhutan",2010,7302727,"Asia",705516,12.95,"1547991318",17.13445854
"Bhutan",2015,11509179,"Asia",743274,13.33,"2003598213",17.99211884
"Bolivia",1970,27961635,"South America",4585693,21.52,"1017003367",0.0
"Bolivia",1980,69069984,"South America",5736088,21.03,"4537487803",21.8479023
"Bolivia",1990,113364146,"South America",7096194,21.33,"4867582598",27.03803253
"Bolivia",2000,204093426,"South America",8592656,21.08,"8397912525",43.58756638
"Bolivia",2010,319534555,"South America",10223270,21.45,"19649631308",67.46323395
"Bolivia",2015,415394141,"South America",11090085,20.64,"33000198249",88.92763519
"Bosnia and Herzegovina",1970,150846902,"Europe",3815561,10.41,"",0.0
"Bosnia and Herzegovina",1980,287326178,"Europe",4199820,9.79,"",0.0
"Bosnia and Herzegovina",1990,472577076,"Europe",4494310,11.56,"",0.0
"Bosnia and Herzegovina",2000,567617983,"Europe",4179350,12.15,"5567405605",64.67382813
"Bosnia and Herzegovina",2010,737422552,"Europe",3811088,11.27,"17176781066",76.50543213
"Bosnia and Herzegovina",2015,842891341,"Europe",3524324,12.88,"16219819344",70.99016571
"Botswana",1980,4481072,"Africa",938578,21.85,"1060923829",4.322435379
"Botswana",1990,17554224,"Africa",1341474,22.94,"3790567052",8.95139122
"Botswana",2000,48068016,"Africa",1726985,21.87,"5788329609",14.34899139
"Botswana",2010,88960415,"Africa",2091664,22.73,"12786654498",18.61847687
"Botswana",2015,116004015,"Africa",2305171,21.83,"13578754072",23.44811058
"Brazil",1970,1244984023,"South America",96369875,25.19,"42327664794",447.850708
"Brazil",1980,2753759815,"South America",122288383,25.15,"2.37393E+11",1114.936035
"Brazil",1990,4650031782,"South America",150706446,25.27,"3.90726E+11",1527.640503
"Brazil",2000,7461070782,"South America",175873720,25.2,"6.55448E+11",2293.646973
"Brazil",2010,11227577782,"South America",196353492,25.81,"2208840000000",3134.265869
"Brazil",2015,13808138782,"South America",205188205,25.35,"1802210000000",3443.671631
"Bulgaria",1970,726767575,"Europe",8582950,10.93,"",209.3584595
"Bulgaria",1980,1455990283,"Europe",8980606,10.04,"19839230769",335.9919739
"Bulgaria",1990,2324788510,"Europe",8767778,11.6,"20632090909",324.4367981
"Bulgaria",2000,2875828832,"Europe",8097691,11.91,"13245833844",217.4558563
"Bulgaria",2010,3377131127,"Europe",7592273,11.77,"50682061053",211.1269684
"Bulgaria",2015,3614821162,"Europe",7309253,13.41,"50781996713",224.085907
"Burkina Faso",1970,1102864,"Africa",5611666,28.5,"458404330.1",0.0
"Burkina Faso",1980,3653008,"Africa",6932967,28.77,"1928719477",1.769065022
"Burkina Faso",1990,9273584,"Africa",9131361,28.81,"3101300642",2.03891468
"Burkina Faso",2000,16738819,"Africa",11882888,28.59,"2968369991",4.259114265
"Burkina Faso",2010,30574155,"Africa",16116845,29.29,"10109618964",8.210584641
"Burkina Faso",2015,44396249,"Africa",18718019,29.39,"11832159276",15.66794205
"Burundi",1970,676481,"Africa",3497834,20.05,"242732571.4",0.0
"Burundi",1980,1610801,"Africa",4312834,20.58,"919726666.7",0.467201829
"Burundi",1990,3768897,"Africa",5483793,20.41,"1132101253",1.590886354
"Burundi",2000,6187137,"Africa",6307659,20.6,"870486065.9",1.652346253
"Burundi",2010,8176689,"Africa",9126605,21.07,"2032135247",1.822369695
"Burundi",2015,10073776,"Africa",10727148,20.86,"3104003611",2.078433037
"Cambodia",1970,6496231,"Asia",6708525,27.01,"718401157.7",0.0
"Cambodia",1980,7448871,"Asia",6198959,27.21,"",1.322819352
"Cambodia",1990,12310999,"Asia",8910808,27.26,"",2.041766644
"Cambodia",2000,28000247,"Asia",12118841,27.06,"3654031716",8.961345673
"Cambodia",2010,60058259,"Asia",14363532,27.88,"11242275199",22.89700317
"Cambodia",2015,91302231,"Asia",15417523,28.26,"18049954289",35.38318634
"Cameroon",1970,6631544,"Africa",6452787,24.61,"1151217147",0.0
"Cameroon",1980,21674800,"Africa",8519891,24.77,"6674567625",13.79857922
"Cameroon",1990,68560499,"Africa",11430520,24.89,"12314482085",22.77588081
"Cameroon",2000,99082100,"Africa",15091594,24.61,"10566578953",23.77795982
"Cameroon",2010,145012214,"Africa",19878036,25.46,"27507499709",37.49298859
"Cameroon",2015,177358737,"Africa",23012646,25.31,"32210232912",43.45692825
"Canada",1970,8846986426,"North America",21434577,-5.1,"87896095320",1868.563354
"Canada",1980,12854547405,"North America",24511510,-4.42,"2.73854E+11",2711.693604
"Canada",1990,17166174255,"North America",27657204,-5.02,"5.9393E+11",3008.582031
"Canada",2000,22180153682,"North America",30683313,-4.03,"7.44773E+11",3647.489502
"Canada",2010,27893676503,"North America",33963412,-1.89,"1617340000000",3754.991943
"Canada",2015,30750132962,"North America",35732126,-1.64,"1556510000000",4040.926025
"Central African Republic",1970,1337360,"Africa",2067356,25.43,"189106554.5",0.0
"Central African Republic",1980,2678384,"Africa",2415276,25.79,"797048028.8",0.80433619
"Central African Republic",1990,4499392,"Africa",2809221,25.72,"1440711396",1.239998698
"Central African Republic",2000,6613520,"Africa",3759170,25.61,"916777282.7",1.446231008
"Central African Republic",2010,8712992,"Africa",4660067,26.33,"2142591376",1.211701989
"Central African Republic",2015,9511744,"Africa",4819333,26.21,"1695825708",1.431364417
"Chad",1970,1161488,"Africa",3667394,27.02,"469266736.6",0.0
"Chad",1980,2912880,"Africa",4408230,27.48,"1033002402",1.208018541
"Chad",1990,4858464,"Africa",5827069,27.62,"1738605558",1.4191221
"Chad",2000,9192976,"Africa",8259137,27.45,"1388506727",1.032112718
"Chad",2010,16971648,"Africa",11894727,28.7,"10668102735",1.557132721
"Chad",2015,21046908,"Africa",14140274,28.36,"10950392220",4.194112778
"Chile",1970,509237326,"South America",9820481,9.65,"9126309735",90.40140533
"Chile",1980,760534878,"South America",11469828,9.9,"29036709872",107.0211258
"Chile",1990,1005185393,"South America",13342868,9.83,"33113887819",155.680603
"Chile",2000,1459472892,"South America",15351799,9.56,"78249883996",310.684845
"Chile",2010,2083958001,"South America",17004162,9.71,"217105000000",374.7411804
"Chile",2015,2482915104,"South America",17870124,9.88,"242497000000",423.4603271
"China",1970,10470031284,"Asia",822534450,6.57,"92602973434",2361.698486
"China",1980,22647681248,"Asia",982372466,6.95,"1.91149E+11",4827.53418
"China",1990,43004236475,"Asia",1153704252,7.64,"3.60858E+11",7938.249512
"China",2000,74884032894,"Asia",1264099069,7.24,"1.21135E+12",11800.28418
"China",2010,135000000000,"Asia",1348191368,7.55,"6087160000000",29054.17969
"China",2015,184000000000,"Asia",1393715448,9.3,"11061600000000",35283.01953
"Colombia",1970,431749022,"South America",20905254,24.93,"7198360460",120.7887192
"Colombia",1980,806485930,"South America",26176195,25.43,"33400735644",188.5197144
"Colombia",1990,1303002462,"South America",32601393,25.22,"47844090710",251.7685547
"Colombia",2000,1910500167,"South America",39215135,25.03,"99886577331",313.6766968
"Colombia",2010,2531260831,"South America",44816108,25.69,"286563000000",406.9504089
"Colombia",2015,2955160135,"South America",47119728,25.58,"293482000000",480.411499
"Comoros",1970,183200,"Africa",242351,25.91,"",0.0
"Comoros",1980,512960,"Africa",328328,25.93,"212218226.4",0.191595003
"Comoros",1990,1011264,"Africa",431119,26.15,"429622147.7",0.266587585
"Comoros",2000,1824672,"Africa",536758,26.0,"351136568.4",0.438374639
"Comoros",2010,3140048,"Africa",656024,26.79,"907978724",0.704707265
"Comoros",2015,3960784,"Africa",730216,26.54,"966029542",0.756785154
"Costa Rica",1970,12901161,"North America",1855697,25.55,"984830158.5",0.0
"Costa Rica",1980,35003612,"North America",2414303,25.89,"4831447001",16.1581974
"Costa Rica",1990,59676341,"North America",3158253,26.29,"5711687787",21.78142548
"Costa Rica",2000,106265934,"North America",3979193,26.07,"15013629659",42.5745697
"Costa Rica",2010,176523334,"North America",4622252,26.23,"37658614803",54.4809227
"Costa Rica",2015,213880081,"North America",4895242,26.46,"56441917653",59.21244049
"Croatia",1970,162893423,"Europe",4492638,11.31,"",0.0
"Croatia",1980,300553653,"Europe",4680144,10.69,"",0.0
"Croatia",1990,491007740,"Europe",4873707,12.43,"",100.4531326
"Croatia",2000,668639135,"Europe",4548434,13.23,"21839780971",96.55011749
"Croatia",2010,895608467,"Europe",4368682,11.96,"60426018629",108.2629852
"Croatia",2015,989284075,"Europe",4254815,13.59,"50163192883",91.02197266
"Cuba",1970,256531117,"North America",8869636,25.41,"5693005200",0.0
"Cuba",1980,519491069,"North America",9809107,25.85,"19912889861",133.3944702
"Cuba",1990,851163188,"North America",10626680,26.13,"28645436569",145.7028046
"Cuba",2000,1085645214,"North America",11105791,25.79,"30565400000",109.7696381
"Cuba",2010,1351628574,"North America",11290417,25.63,"59562962963",133.3725433
"Cuba",2015,1495578511,"North America",11339894,26.25,"87133000000",127.649147
"Cyprus",1970,18602059,"Europe",640804,19.3,"",8.004829407
"Cyprus",1980,43652825,"Europe",679327,18.85,"2154311277",10.27866459
"Cyprus",1990,80506578,"Europe",788500,19.19,"5591130218",19.27453613
"Cyprus",2000,141929961,"Europe",948237,19.44,"9985844486",30.26110458
"Cyprus",2010,221404272,"Europe",1129686,20.95,"25732432719",34.05603409
"Cyprus",2015,256953492,"Europe",1187280,20.35,"19842404305",29.18447495
"Denmark",1970,1420463084,"Europe",4922963,-18.21,"17075457600",242.9894257
"Denmark",1980,2013419086,"Europe",5125392,-17.01,"71127528700",232.960907
"Denmark",1990,2554714449,"Europe",5144623,-17.87,"1.38247E+11",201.9610138
"Denmark",2000,3178648906,"Europe",5340655,-16.82,"1.64159E+11",236.5193939
"Denmark",2010,3720566069,"Europe",5550849,-15.09,"321995000000",232.6667023
"Denmark",2015,3919114412,"Europe",5677796,-14.93,"302673000000",199.3443451
"Djibouti",1970,1293392,"Africa",144379,28.99,"",0.0
"Djibouti",1980,3524768,"Africa",324121,29.51,"",6.345333576
"Djibouti",1990,7009232,"Africa",577173,29.3,"452328087.3",6.881986618
"Djibouti",2000,10259200,"Africa",742033,29.86,"551230861.9",3.533749104
"Djibouti",2010,14612032,"Africa",919199,29.84,"1128611700",3.623653173
"Djibouti",2015,16964137,"Africa",1006259,30.74,"2424391785",3.335404158
"Dominica",1970,227168,"North America",68895,26.42,"",0.0
"Dominica",1980,512960,"North America",72978,26.75,"72804653.33",0.147488996
"Dominica",1990,989280,"North America",69481,26.63,"201429629.6",0.262617767
"Dominica",2000,1729408,"North America",68346,26.57,"333470370.4",0.529281259
"Dominica",2010,3169360,"North America",68755,27.49,"493825926",0.779064119
"Dominica",2015,4008416,"North America",70007,26.92,"540737037",0.813067675
"Dominican Republic",1970,26898678,"North America",4475871,25.68,"1485500000",0.0
"Dominican Republic",1980,84351656,"North America",5755800,26.37,"6761300000",25.28134346
"Dominican Republic",1990,166030009,"North America",7129004,26.17,"7073675545",40.65882874
"Dominican Republic",2000,312449762,"North America",8540791,25.88,"24305717542",86.10049438
"Dominican Republic",2010,508933026,"North America",9775755,26.46,"53860175556",87.79959106
"Dominican Republic",2015,618067854,"North America",10405832,26.29,"71164825257",97.34282684
"Ecuador",1970,58900546,"South America",6172215,21.96,"2862504170",14.77302551
"Ecuador",1980,137930212,"South America",8135845,22.34,"17881514683",38.81812668
"Ecuador",1990,317859362,"South America",10449837,22.43,"15239278100",80.98210144
"Ecuador",2000,522762020,"South America",12626507,22.03,"18327764882",104.1288223
"Ecuador",2010,815439334,"South America",14989585,22.64,"69555367000",155.1942291
"Ecuador",2015,1013320438,"South America",16195902,22.26,"99290381000",188.0461426
"Egypt",1970,414147733,"Africa",34781986,22.71,"8042200452",91.431633
"Egypt",1980,743137318,"Africa",43748556,23.07,"21669908176",211.6622162
"Egypt",1990,1405401182,"Africa",57214630,23.09,"42978914311",391.3234558
"Egypt",2000,2421754260,"Africa",71371371,22.88,"99838543960",568.5334473
"Egypt",2010,4093181569,"Africa",87252413,25.15,"218984000000",895.1117554
"Egypt",2015,5162711129,"Africa",97723799,24.51,"329367000000",971.7203979
"El Salvador",1970,16235704,"North America",3619090,25.06,"1132920000",0.0
"El Salvador",1980,36829790,"North America",4508992,25.43,"3573959900",13.24420166
"El Salvador",1990,57676994,"North America",5367179,25.57,"4817542204",15.71775818
"El Salvador",2000,104455357,"North America",5958482,25.41,"11784927700",29.40266418
"El Salvador",2010,167968202,"North America",6114034,25.46,"18447920000",37.19075775
"El Salvador",2015,199860431,"North America",6231066,25.91,"23438240000",38.64464188
"Equatorial Guinea",1970,582576,"Africa",316955,25.2,"66331428.57",0.0
"Equatorial Guinea",1980,1194464,"Africa",282509,25.37,"50642880.77",0.249775529
"Equatorial Guinea",1990,2011536,"Africa",465549,25.29,"112119406.5",0.508698523
"Equatorial Guinea",2000,4092688,"Africa",684977,25.22,"1045998496",3.254553795
"Equatorial Guinea",2010,71825392,"Africa",1094524,25.9,"16314442183",30.81440163
"Equatorial Guinea",2015,124055712,"Africa",1346973,25.59,"13185496836",28.20121384
"Estonia",1970,413371852,"Europe",1361999,4.35,"",0.0
"Estonia",1980,717905218,"Europe",1476983,4.5,"",0.0
"Estonia",1990,1088858980,"Europe",1570674,6.7,"",127.5705032
"Estonia",2000,1290783940,"Europe",1396877,7.01,"5686579748",55.3528862
"Estonia",2010,1461641514,"Europe",1331535,5.04,"19523477326",73.14867401
"Estonia",2015,1553061236,"Europe",1314657,6.96,"22890762090",68.41591644
"Ethiopia",1970,11690111,"Africa",28308246,23.14,"",0.0
"Ethiopia",1980,26893080,"Africa",34945469,23.64,"",8.831874847
"Ethiopia",1990,48681060,"Africa",47878073,23.38,"12175166763",15.47638607
"Ethiopia",2000,77751946,"Africa",67031867,23.76,"8242392104",19.30459213
"Ethiopia",2010,131798817,"Africa",89237791,23.93,"29933790334",41.78668213
"Ethiopia",2015,181801151,"Africa",102471895,24.63,"64589334979",73.31639099
"Fiji",1970,5271216,"Oceania",527634,25.28,"219878482.2",0.0
"Fiji",1980,11907243,"Oceania",644582,25.28,"1202567359",4.428925991
"Fiji",1990,18728431,"Oceania",780430,25.4,"1337024782",5.428222656
"Fiji",2000,26334816,"Oceania",832509,25.84,"1678239218",7.749854565
"Fiji",2010,36922862,"Oceania",905169,25.92,"3140508836",8.298195839
"Fiji",2015,42670595,"Oceania",917200,25.94,"4682546863",7.539304256
"Finland",1970,500364105,"Europe",4606621,1.17,"11357516988",181.7085266
"Finland",1980,992497929,"Europe",4779418,0.88,"53645202423",264.6627502
"Finland",1990,1492259431,"Europe",4986545,2.94,"1.41438E+11",322.8738708
"Finland",2000,2080048895,"Europe",5176209,3.59,"1.2602E+11",359.4204712
"Finland",2010,2720121704,"Europe",5363271,1.14,"249424000000",371.8120728
"Finland",2015,2971516812,"Europe",5479461,4.06,"234534000000",329.24664310000003
"France",1970,18208175168,"Europe",50523586,12.9,"1.48456E+11",1803.216919
"France",1980,23343685021,"Europe",53713830,12.56,"7.01288E+11",2307.180664
"France",1990,27420846342,"Europe",56412897,14.04,"1.26918E+12",2657.853027
"France",2000,31428626515,"Europe",58665453,13.97,"1.36564E+12",3107.309326
"France",2010,35420170456,"Europe",62444567,13.12,"2645190000000",2997.734619
"France",2015,37143169942,"Europe",63809769,13.58,"2439190000000",2808.16626
"Gabon",1970,7753024,"Africa",597192,24.5,"323802475.5",0.0
"Gabon",1980,62391456,"Africa",749078,24.62,"4279637934",8.335314751
"Gabon",1990,116808839,"Africa",983028,24.57,"5952293766",12.64371109
"Gabon",2000,164145315,"Africa",1272935,24.57,"5080483464",11.47741318
"Gabon",2010,209004011,"Africa",1711105,25.22,"14372591916",15.76734447
"Gabon",2015,234823102,"Africa",2028517,24.84,"14383107714",20.5053215
"Gambia",1970,516624,"Africa",528731,28.14,"52296836.75",0.0
"Gambia",1980,1516896,"Africa",718586,28.09,"241080708.9",0.65475601
"Gambia",1990,3242640,"Africa",1040616,28.14,"317083373.5",0.787656486
"Gambia",2000,5506992,"Africa",1437539,28.06,"782915402.4",1.265606403
"Gambia",2010,8940160,"Africa",1937275,28.8,"1543292393",2.008688688
"Gambia",2015,11310768,"Africa",2253133,28.72,"1378176868",2.318159819
"Georgia",1970,167099559,"Asia",4800426,9.18,"",0.0
"Georgia",1980,290980122,"Asia",5145843,8.78,"",0.0
"Georgia",1990,443957769,"Asia",5391636,8.84,"7753501868",0.0
"Georgia",2000,515608620,"Asia",4265172,9.31,"3057475335",40.19374847
"Georgia",2010,565835728,"Asia",3836831,11.1,"12243505583",56.74542236
"Georgia",2015,608582745,"Asia",3771132,10.69,"14953950557",68.21339417
"Germany",1970,45798478153,"Europe",78294583,7.86,"2.15838E+11",3611.016602
"Germany",1980,56468644208,"Europe",77786703,7.73,"9.50291E+11",4239.232422
"Germany",1990,66792076951,"Europe",79370196,9.69,"1.77167E+12",4192.641602
"Germany",2000,76216668477,"Europe",81551677,10.02,"1.94798E+12",3988.179199
"Germany",2010,84896342383,"Europe",81325090,8.01,"3399670000000",3847.150146
"Germany",2015,88939195779,"Europe",82073226,9.24,"3357590000000",3778.421143
"Ghana",1970,28966913,"Africa",8861895,27.14,"2215029450",0.0
"Ghana",1980,55397343,"Africa",11865246,27.08,"4445228216",25.33165169
"Ghana",1990,87754458,"Africa",15446982,27.24,"5889174825",29.35501862
"Ghana",2000,140567572,"Africa",19665502,27.25,"4983024408",41.62735367
"Ghana",2010,220839612,"Africa",25574719,27.94,"32197272797",54.77688217
"Ghana",2015,291429885,"Africa",28870939,27.72,"49406568433",82.19619751
"Greece",1970,297964697,"Europe",8544873,15.16,"13139863636",116.3626785
"Greece",1980,707752483,"Europe",9307148,14.56,"56829664269",201.1077728
"Greece",1990,1324791889,"Europe",10302255,15.5,"97891092003",287.3124695
"Greece",2000,2233445205,"Europe",11038109,15.67,"1.30458E+11",373.0520935
"Greece",2010,3316325527,"Europe",11033783,16.37,"297125000000",374.2533264
"Greece",2015,3737664964,"Europe",10806641,17.15,"195684000000",308.3094788
"Greenland",1970,5408064,"North America",45434,-18.74,"69520026.67",0.0
"Greenland",1980,10519344,"North America",50106,-17.52,"476055288.4",2.290958881
"Greenland",1990,15207226,"North America",55599,-18.44,"1018970365",2.275315285
"Greenland",2000,21061268,"North America",56184,-17.37,"1068030830",2.976198435
"Greenland",2010,27457820,"North America",56351,-15.55,"2503156061",4.365318775
"Greenland",2015,30367495,"North America",55895,-15.41,"2499115623",3.606711626
"Grenada",1970,436016,"North America",98794,27.09,"",0.0
"Grenada",1980,912336,"North America",94838,27.41,"110900457",0.179821149
"Grenada",1990,1663456,"North America",99047,27.21,"278098763",0.525658369
"Grenada",2000,3187680,"North America",107432,27.19,"520044370.4",0.862860799
"Grenada",2010,5459360,"North America",114039,28.11,"771013259",1.174536705
"Grenada",2015,6782064,"North America",118980,27.61,"997007926",1.185046673
"Guatemala",1970,28519535,"North America",5453208,23.31,"1904000000",0.0
"Guatemala",1980,63581246,"North America",6987767,23.68,"7878700000",18.91016769
"Guatemala",1990,102013992,"North America",9084780,23.6,"7650125217",23.44228554
"Guatemala",2000,173574804,"North America",11735894,23.43,"19288827159",47.63063812
"Guatemala",2010,286021613,"North America",14543121,23.69,"40676432029",60.13995743
"Guatemala",2015,351207850,"North America",16001107,24.29,"62186186576",79.78526306
"Guinea",1970,7829968,"Africa",4222374,25.82,"",0.0
"Guinea",1980,16557616,"Africa",4972609,26.08,"",3.985548019
"Guinea",1990,26516368,"Africa",6354145,26.01,"2666750686",6.39295435
"Guinea",2000,38790768,"Africa",8336967,25.97,"2995361141",7.780258656
"Guinea",2010,57711664,"Africa",10270728,26.6,"6853467858",12.34930229
"Guinea",2015,69454784,"Africa",11625998,26.69,"8794202444",13.61674976
"Guyana",1970,15612304,"South America",705261,26.26,"267800000",0.0
"Guyana",1980,32866080,"South America",778176,26.46,"603200000",6.102533817
"Guyana",1990,46203040,"South America",747116,26.57,"396582263.3",2.726461172
"Guyana",2000,61287728,"South America",759051,26.39,"712667896.7",6.931102753
"Guyana",2010,78944544,"South America",747932,27.12,"3432913073",7.15909338
"Guyana",2015,88745661,"South America",755031,26.69,"4279840194",8.401801109
"Haiti",1970,5342892,"North America",4680812,26.45,"331200000",0.0
"Haiti",1980,11135324,"North America",5646676,27.03,"1383800000",4.729203224
"Haiti",1990,20185055,"North America",6925331,26.94,"3096289800",4.109422684
"Haiti",2000,30300073,"North America",8360225,26.6,"6813577558",6.98981905
"Haiti",2010,47943330,"North America",9842880,27.0,"11859315079",9.079208374
"Haiti",2015,60551941,"North America",10563757,27.03,"14833154472",13.57033634
"Honduras",1970,14058360,"North America",2782753,24.79,"723000000",0.0
"Honduras",1980,31404720,"North America",3777990,25.17,"3968160046",9.653758049
"Honduras",1990,52312710,"North America",5053234,25.21,"4923009552",17.28556442
"Honduras",2000,89230470,"North America",6656725,25.15,"7186650135",24.38021278
"Honduras",2010,161492078,"North America",8450933,25.25,"15839344592",38.36990356
"Honduras",2015,207672643,"North America",9294505,25.73,"20979767785",49.05969238
"Hong Kong",1970,76442788,"Asia",3955072,22.71,"3800766536",45.98167419
"Hong Kong",1980,200676919,"Asia",4978544,23.14,"28861759209",76.39582825
"Hong Kong",1990,445119853,"Asia",5838574,23.26,"76928290842",139.3577423
"Hong Kong",2000,784787972,"Asia",6731195,23.2,"1.71668E+11",197.4753265
"Hong Kong",2010,1200497163,"Asia",7132438,23.14,"228638000000",321.1756897
"India",1970,4377963780,"Asia",557501301,24.07,"62422483055",763.7407837
"India",1980,6769264123,"Asia",696828385,24.59,"1.86325E+11",1218.598999
"India",1990,11016840334,"Asia",870452165,24.18,"3.20979E+11",2300.701172
"India",2000,18939723919,"Asia",1059633675,24.5,"4.68395E+11",3728.514404
"India",2010,31697767327,"Asia",1240613620,25.05,"1675620000000",6269.458984
"India",2015,41932843845,"Asia",1322866505,25.41,"2103590000000",8030.202148
"Indonesia",1970,1028695562,"Asia",115228394,26.06,"9150684932",106.9558334
"Indonesia",1980,1693366883,"Asia",148177096,26.03,"72482337371",305.6110229
"Indonesia",1990,2899213307,"Asia",182159874,26.24,"1.06141E+11",600.178894
"Indonesia",2000,5223020360,"Asia",214072421,26.19,"1.65021E+11",1163.576782
"Indonesia",2010,8826146824,"Asia",244016173,26.54,"755094000000",1768.506958
"Indonesia",2015,11398959532,"Asia",259091970,26.47,"860854000000",1945.331177
"Iran",1970,1730952825,"Asia",28449705,18.45,"10976245154",166.0411987
"Iran",1980,3116831924,"Asia",38520664,18.33,"94362275580",406.0552979
"Iran",1990,4708354211,"Asia",55793629,18.43,"1.24813E+11",811.28302
"Iran",2000,7527278246,"Asia",65544383,18.89,"1.09592E+11",1396.567993
"Iran",2010,12318509769,"Asia",75373855,20.09,"486808000000",2423.184326
"Iran",2015,15379262782,"Asia",81790841,20.54,"408213000000",2759.998535
"Iraq",1970,347205534,"Asia",9811347,22.6,"3281713806",39.1572876
"Iraq",1980,732939730,"Asia",13653369,22.38,"52569000000",101.3612823
"Iraq",1990,1205487882,"Asia",17658381,22.54,"1.80408E+11",237.7237549
"Iraq",2000,1870726166,"Asia",24628858,22.99,"48364250944",322.6623535
"Iraq",2010,2822761643,"Asia",31264875,24.65,"138517000000",380.4246521
"Iraq",2015,3605324968,"Asia",37757813,24.24,"166774000000",435.3848267
"Ireland",1970,492044115,"Europe",2937637,9.6,"4395995086",75.80377197
"Ireland",1980,727860071,"Europe",3391387,9.55,"21747855640",100.4244232
"Ireland",1990,1009180760,"Europe",3485374,10.31,"49305632408",117.0317001
"Ireland",2000,1385423287,"Europe",3768950,10.13,"1.00208E+11",172.7305603
"Ireland",2010,1845724351,"Europe",4524585,9.26,"221876000000",179.1185303
"Ireland",2015,2034952172,"Europe",4665760,9.97,"291580000000",174.4815979
"Israel",1970,168104710,"Asia",2907307,20.07,"",63.54927826
"Israel",1980,361528476,"Asia",3744608,20.04,"",92.57665253
"Israel",1990,628559846,"Asia",4803254,20.13,"",129.1380615
"Israel",2000,1125452074,"Asia",6116958,20.23,"1.32456E+11",227.3719482
"Israel",2010,1750471944,"Asia",7328445,22.31,"234655000000",265.5085449
"Israel",2015,2080309704,"Asia",8007778,21.22,"300078000000",275.6794434
"Italy",1970,4510319382,"Europe",53324036,12.84,"1.13395E+11",1402.123901
"Italy",1980,8065436030,"Europe",56329482,12.24,"4.77257E+11",1723.792725
"Italy",1990,11873147895,"Europe",56756561,13.72,"1.18122E+12",1854.885986
"Italy",2000,16351431856,"Europe",56966397,14.13,"1.14668E+12",2099.285156
"Italy",2010,21127094887,"Europe",59822450,13.32,"2136100000000",2036.732788
"Italy",2015,23035538202,"Europe",60232906,14.17,"1836640000000",1810.908936
"Jamaica",1970,45478095,"North America",1859091,26.15,"1404776071",0.0
"Jamaica",1980,122376425,"North America",2135546,26.66,"2679409453",34.0112381
"Jamaica",1990,181329132,"North America",2392030,26.74,"4592224067",29.88542366
"Jamaica",2000,271873850,"North America",2612205,26.47,"9005064475",43.21142197
"Jamaica",2010,373027851,"North America",2733896,26.52,"13220556883",32.79623795
"Jamaica",2015,413381366,"North America",2794445,27.13,"14188935948",35.96775055
"Japan",1970,10293506183,"Asia",105416839,11.93,"2.12609E+11",3271.378906
"Japan",1980,19279215063,"Asia",117624196,11.8,"1.10539E+12",4264.411133
"Japan",1990,28813782159,"Asia",123686321,13.59,"3.13282E+12",5218.649902
"Japan",2000,41009394035,"Asia",126803861,12.83,"4.96836E+12",6242.476074
"Japan",2010,53579819796,"Asia",128105431,13.22,"5759070000000",5907.574219
"Japan",2015,59953163599,"Asia",127250933,12.96,"4444930000000",5296.523438
"Jordan",1970,17955307,"Asia",1557374,19.84,"639596751.6",0.0
"Jordan",1980,46635989,"Asia",2216903,19.85,"3910036925",22.80812263
"Jordan",1990,130089450,"Asia",3480587,19.92,"4160003917",42.15597153
"Jordan",2000,261828887,"Asia",5056174,20.05,"8460424401",66.33985901
"Jordan",2010,454581407,"Asia",6931258,22.23,"27133804225",89.24570465
"Jordan",2015,574903362,"Asia",9494246,21.32,"38587017887",109.2354736
"Kazakhstan",1970,2725400487,"Asia",12265305,5.55,"",0.0
"Kazakhstan",1980,4723856225,"Asia",14172710,5.71,"",0.0
"Kazakhstan",1990,7230561885,"Asia",16866563,6.56,"26932729103",859.425415
"Kazakhstan",2000,9076864154,"Asia",15236253,6.76,"18291994909",369.747406
"Kazakhstan",2010,11100321718,"Asia",16627837,6.71,"148047000000",614.3875732
"Kazakhstan",2015,12407161642,"Asia",17835909,8.94,"184388000000",713.3821411
"Kenya",1970,47869777,"Africa",11473087,24.23,"1603447357",0.0
"Kenya",1980,95331324,"Africa",16187124,24.72,"7265315332",29.38740921
"Kenya",1990,143616464,"Africa",23162269,24.13,"8572359163",35.93416595
"Kenya",2000,221360091,"Africa",30851606,24.72,"12705357103",45.64118576
"Kenya",2010,313279143,"Africa",41517895,24.96,"45405587557",67.41967773
"Kenya",2015,381039585,"Africa",46851488,24.94,"70120413329",89.31784058
"Kiribati",1970,164880,"Oceania",57437,26.75,"14295279.54",0.0
"Kiribati",1980,454336,"Oceania",60813,27.26,"38715554.54",0.124264561
"Kiribati",1990,681504,"Oceania",75124,27.08,"39809538.68",0.075484298
"Kiribati",2000,967296,"Oceania",88826,27.08,"67254174.4",0.145429373
"Kiribati",2010,1491248,"Oceania",107995,27.53,"155299729",0.262455165
"Kiribati",2015,1762384,"Oceania",116707,27.55,"170291002",0.263026953
"Kuwait",1970,270374007,"Asia",802786,25.66,"2873984878",73.40752411
"Kuwait",1980,484323894,"Asia",1493870,25.67,"28638550499",84.72406769
"Kuwait",1990,782462344,"Asia",1674938,25.76,"18427777778",91.49266815
"Kuwait",2000,1249324686,"Asia",1934901,26.38,"37712842243",211.9431458
"Kuwait",2010,1965479342,"Asia",2943356,27.64,"115419000000",392.964447
"Kuwait",2015,2400350890,"Asia",3908743,27.27,"114567000000",453.7069397
"Latvia",1970,272549165,"Europe",2397414,4.84,"",0.0
"Latvia",1980,474169395,"Europe",2572037,4.76,"",0.0
"Latvia",1990,692462913,"Europe",2689391,7.33,"",86.46626282
"Latvia",2000,796997246,"Europe",2392530,7.5,"7958852839",37.75418091
"Latvia",2010,876436716,"Europe",2101530,5.71,"23956163077",49.67448807
"Latvia",2015,913569314,"Europe",1991955,7.32,"27263090547",41.73868561
"Lebanon",1970,54826044,"Asia",2381791,18.26,"",0.0
"Lebanon",1980,114680111,"Asia",2963702,17.88,"",30.26891708
"Lebanon",1990,185747529,"Asia",3593700,18.18,"2838485354",20.88096237
"Lebanon",2000,313343969,"Asia",4320642,18.38,"17260364842",60.60605621
"Lebanon",2010,485292341,"Asia",4995800,20.27,"38443907042",79.19252777
"Lebanon",2015,599778465,"Asia",6398940,19.18,"49929337837",101.4905167
"Lesotho",1990,1472928,"Africa",1798997,14.15,"596415104.5",0.87997818
"Lesotho",2000,18587472,"Africa",1998630,14.05,"887295267.9",2.481942415
"Lesotho",2010,39021600,"Africa",2022747,14.91,"2234731974",4.405109882
"Lesotho",2015,52226656,"Africa",2118521,13.77,"2359759799",4.247480392
"Liberia",1970,7605602,"Africa",1463563,25.78,"",0.0
"Liberia",1980,23749773,"Africa",1932169,25.8,"",9.254623413
"Liberia",1990,31817401,"Africa",2209731,25.88,"",2.402155876
"Liberia",2000,36030780,"Africa",2895224,25.86,"874000000",1.890932918
"Liberia",2010,41652790,"Africa",4019956,26.53,"1998000000",3.367721081
"Liberia",2015,46740289,"Africa",4612329,26.31,"3227075700",4.862246037
"Libya",1970,128015843,"Africa",1909177,22.25,"",0.0
"Libya",1980,312293645,"Africa",2962720,22.37,"",117.7410507
"Libya",1990,636937538,"Africa",4236983,23.1,"28901836158",148.8903809
"Libya",2000,1073130214,"Africa",5154790,22.84,"38270206950",212.9462738
"Libya",2010,1597468166,"Africa",6491988,24.52,"75380170508",263.6222534
"Libya",2015,1869815418,"Africa",6192235,24.31,"48717854040",180.2095337
"Lithuania",1970,422219240,"Europe",3210147,5.4,"",0.0
"Lithuania",1980,736916921,"Europe",3521206,5.13,"",0.0
"Lithuania",1990,1104557181,"Europe",3785847,7.98,"",201.8876038
"Lithuania",2000,1283214825,"Europe",3599637,8.11,"11524776867",78.03437042
"Lithuania",2010,1421086393,"Europe",3139019,6.33,"37128694028",65.72544861
"Lithuania",2015,1489505521,"Europe",2963765,7.8,"41435533340",63.87564087
"Luxembourg",1970,227769655,"Europe",339342,9.11,"1457768455",47.68123245
"Luxembourg",1980,352852555,"Europe",363741,8.88,"6019805490",38.96120834
"Luxembourg",1990,446560550,"Europe",381267,10.59,"12778792854",37.15125656
"Luxembourg",2000,546531570,"Europe",435628,10.79,"21230182989",37.20420074
"Luxembourg",2010,656363443,"Europe",507070,9.13,"56213985987",50.11573792
"Luxembourg",2015,707836632,"Europe",569408,9.9,"60071584216",43.03446579
"Madagascar",1970,9923634,"Africa",6639751,23.13,"1111859570",0.0
"Madagascar",1980,21786967,"Africa",8948162,23.02,"5201818349",5.515541553
"Madagascar",1990,31955389,"Africa",11882762,23.12,"3931334871",4.897077084
"Madagascar",2000,45847227,"Africa",16216431,23.32,"4629247091",9.587164879
"Madagascar",2010,62761956,"Africa",21731053,23.85,"9982711338",10.19731712
"Madagascar",2015,77498603,"Africa",24850912,22.96,"11323020829",16.81764603
"Malawi",1970,7856688,"Africa",4625141,21.63,"290531621.3",0.0
"Malawi",1980,13831996,"Africa",6267369,21.63,"1237655461",3.545446396
"Malawi",1990,19627724,"Africa",9539665,22.28,"1880771556",4.706551552
"Malawi",2000,28452610,"Africa",11229387,21.71,"1743506531",6.811142921
"Malawi",2010,37901514,"Africa",14718422,22.6,"6959655571",9.448238373
"Malawi",2015,43477213,"Africa",16938942,21.27,"6373212641",9.630017281
"Malaysia",1970,209180831,"Asia",10306508,26.19,"3864170913",44.26303101
"Malaysia",1980,424856475,"Asia",13215707,26.21,"24488033442",126.6115646
"Malaysia",1990,823750594,"Asia",17517054,26.42,"44024178343",240.9855194
"Malaysia",2000,1838038550,"Asia",22945150,26.37,"93789736842",611.2950439
"Malaysia",2010,3595975009,"Asia",28717731,26.81,"255017000000",932.6090088
"Malaysia",2015,4747345515,"Asia",31068833,26.97,"301355000000",1114.346802
"Malta",2015,96824210,"Europe",456579,19.44,"11091434484",29.28126144
"Mauritania",1970,1861312,"Africa",1122198,28.37,"309405316.1",0.0
"Mauritania",1980,7060528,"Africa",1506694,28.23,"1047924649",2.654007673
"Mauritania",1990,21500189,"Africa",2006027,28.54,"1506914408",3.980958939
"Mauritania",2000,31590845,"Africa",2695003,28.36,"1779523344",5.044054985
"Mauritania",2010,46877053,"Africa",3419461,29.37,"5628878866",8.757329941
"Mauritania",2015,58785053,"Africa",3946220,29.11,"6166863960",11.47942257
"Mauritius",1970,5811104,"Africa",830115,23.75,"",0.0
"Mauritius",1980,11995936,"Africa",954865,23.86,"1131788192",3.977684021
"Mauritius",1990,20067728,"Africa",1090290,23.84,"2653480001",7.945110798
"Mauritius",2000,39750736,"Africa",1215930,24.0,"4663313620",16.06924438
"Mauritius",2010,73639072,"Africa",1283330,24.67,"10003670690",21.06670189
"Mauritius",2015,94003584,"Africa",1293153,24.31,"11692287066",23.5969429
"Mexico",1970,2522670929,"North America",50289306,20.49,"35520000000",404.0318604
"Mexico",1980,4350306416,"North America",67705186,21.04,"2.05139E+11",906.3236084
"Mexico",1990,7325126370,"North America",81720428,20.96,"2.61254E+11",1272.686279
"Mexico",2000,10898582285,"North America",97873442,21.23,"7.07907E+11",1636.052002
"Mexico",2010,15450872585,"North America",112532401,20.85,"1057800000000",2037.850342
"Mexico",2015,17884570053,"North America",120149897,22.22,"1171870000000",2144.267578
"Moldova",1970,442311427,"Europe",3711140,9.54,"",0.0
"Moldova",1980,770581841,"Europe",4103240,8.13,"",0.0
"Moldova",1990,1158868454,"Europe",4480199,10.88,"",0.0
"Moldova",2000,1282845448,"Europe",4251573,10.69,"1288429392",32.9502182
"Moldova",2010,1329208111,"Europe",3678186,10.23,"6974982393",34.1619339
"Moldova",2015,1353358701,"Europe",3277388,11.96,"7745241913",38.07466125
"Mongolia",1970,28563356,"Asia",1293880,-1.11,"",0.0
"Mongolia",1980,74386173,"Asia",1697780,-0.48,"",43.60078812
"Mongolia",1990,162024410,"Asia",2161433,0.66,"2560785660",57.10105896
"Mongolia",2000,248649559,"Asia",2450979,0.18,"1136896124",43.36191559
"Mongolia",2010,350329413,"Asia",2702520,-0.32,"7189481824",49.1923027
"Mongolia",2015,503174740,"Asia",2964749,2.81,"11619892396",56.88191605
"Montenegro",1970,14885433,"Europe",530268,10.28,"",0.0
"Montenegro",1980,28357475,"Europe",589324,9.61,"",0.0
"Montenegro",1990,46660396,"Europe",621442,11.24,"",0.0
"Montenegro",2000,61089392,"Europe",633324,11.56,"984297589.4",0.0
"Montenegro",2010,81031336,"Europe",631044,11.24,"4143033276",16.8060627
"Montenegro",2015,92147912,"Europe",633966,12.87,"4054728173",13.32454681
"Morocco",1970,94521917,"Africa",15274351,17.96,"3956328426",30.34691238
"Morocco",1980,211286230,"Africa",19678444,18.06,"21728770055",60.7755127
"Morocco",1990,401340810,"Africa",24570814,18.7,"30180108562",82.75576019
"Morocco",2000,688986676,"Africa",28554415,18.57,"38857251336",117.4633713
"Morocco",2010,1138311254,"Africa",32464865,19.44,"93216746662",194.5522919
"Morocco",2015,1422461258,"Africa",34680458,19.31,"101180000000",220.3863831
"Mozambique",1970,39787671,"Africa",8411676,23.96,"",0.0
"Mozambique",1980,70242026,"Africa",11413587,23.75,"",48.80149841
"Mozambique",1990,84828624,"Africa",13303459,24.2,"",5.464300156
"Mozambique",2000,96060109,"Africa",17768505,23.92,"5656473652",31.2826252
"Mozambique",2010,115998322,"Africa",23073723,24.61,"11104649065",54.35234833
"Mozambique",2015,139864572,"Africa",26843246,23.49,"15950979333",84.85739899
"Namibia",2000,15363152,"Africa",1819141,21.02,"3922247990",12.68248558
"Namibia",2010,39501584,"Africa",2099271,21.39,"11431334447",18.54668427
"Namibia",2015,55735764,"Africa",2282704,21.27,"11335179562",22.85881424
"Nepal",1970,2392592,"Asia",12501285,15.09,"865975308.6",0.0
"Nepal",1980,6056743,"Asia",15600442,15.3,"1945916583",2.19523263
"Nepal",1990,12970814,"Asia",19616530,15.27,"3627562403",5.544578552
"Nepal",2000,34001465,"Asia",24559500,15.28,"5494252208",14.71251965
"Nepal",2010,65545745,"Asia",27161567,16.11,"16002656434",23.59442902
"Nepal",2015,96862332,"Asia",27610325,15.95,"24360795411",27.03315735
"Netherlands",1970,3525024877,"Europe",13037686,9.43,"38164716625",659.7977295
"Netherlands",1980,5167125149,"Europe",14130387,9.46,"1.95152E+11",872.1951904
"Netherlands",1990,6657700896,"Europe",14944548,11.0,"3.18331E+11",910.7347412
"Netherlands",2000,8383669196,"Europe",15899135,11.1,"4.17479E+11",1006.819458
"Netherlands",2010,10142196842,"Europe",16617116,9.26,"847381000000",1142.578247
"Netherlands",2015,10961716270,"Europe",17041107,9.86,"765573000000",983.503418
"New Caledonia",1970,20188640,"Oceania",110982,23.19,"358815683.7",0.0
"New Caledonia",1980,41923993,"Oceania",148599,22.92,"1182463959",7.825281143
"New Caledonia",1990,55952830,"Oceania",177264,23.41,"2529440424",7.509627819
"New Caledonia",2000,75236833,"Oceania",221537,23.28,"3420033047",10.0290556
"New Caledonia",2010,102526592,"Oceania",261426,23.87,"9364347372",14.83197117
"New Caledonia",2015,123162500,"Oceania",283032,23.38,"8738205837",19.65297127
"New Zealand",1970,482449387,"Oceania",2824061,11.15,"",105.8086472
"New Zealand",1980,660477856,"Oceania",3147168,10.6,"23244547385",134.6216125
"New Zealand",1990,878164809,"Oceania",3397389,11.27,"45495129385",186.3034515
"New Zealand",2000,1171322902,"Oceania",3855266,11.12,"52623281957",229.6189117
"New Zealand",2010,1532107871,"Oceania",4346338,11.34,"146518000000",234.9139404
"New Zealand",2015,1709650133,"Oceania",4590590,11.09,"178064000000",252.2049408
"Nicaragua",1970,13859794,"North America",2444767,25.99,"776585681.1",0.0
"Nicaragua",1980,34086338,"North America",3303309,26.31,"2189347368",9.664735794
"Nicaragua",1990,54598267,"North America",4227820,26.55,"1009455484",10.79463196
"Nicaragua",2000,83185556,"North America",5123222,26.38,"5107329007",16.29635429
"Nicaragua",2010,126327494,"North America",5855734,26.62,"8758639096",21.6791935
"Nicaragua",2015,150482304,"North America",6298598,26.87,"12756706583",28.35839081
"Niger",1970,1307603,"Africa",4669708,27.44,"649916708.2",0.0
"Niger",1980,4908086,"Africa",6173177,27.81,"2508524186",2.639312029
"Niger",1990,13808516,"Africa",8370647,28.05,"3512356353",3.730181217
"Niger",2000,20011281,"Africa",11622665,27.98,"2241753120",3.317454338
"Niger",2010,27969291,"Africa",16647543,29.3,"7851191899",6.88800478
"Niger",2015,37046525,"Africa",20128124,29.23,"9683867894",10.34584618
"Nigeria",1970,159040840,"Africa",55569264,26.95,"12545849083",0.0
"Nigeria",1980,683937397,"Africa",72951439,27.06,"64201788123",122.5272217
"Nigeria",1990,1297503180,"Africa",95214257,27.37,"54035795388",204.3170776
"Nigeria",2000,1732816660,"Africa",122851984,27.03,"69448756933",224.4819794
"Nigeria",2010,2692340377,"Africa",160952853,28.0,"361457000000",243.7051239
"Nigeria",2015,3301630908,"Africa",183995785,28.01,"486803000000",459.2282715
"Norway",1970,712881947,"Europe",3875546,-0.24,"12814123115",277.9016724
"Norway",1980,1024042628,"Europe",4085776,-0.15,"64439382896",378.9017639
"Norway",1990,1358209609,"Europe",4241636,2.07,"1.19792E+11",495.3977051
"Norway",2000,1748713609,"Europe",4491202,1.8,"1.71247E+11",580.5092773
"Norway",2010,2190112609,"Europe",4889741,-0.22,"428757000000",500.3943787
"Norway",2015,2414604609,"Europe",5190356,1.74,"385802000000",547.9136963
"Oman",1970,831728,"Asia",670693,27.23,"256299496",0.935905576
"Oman",1980,55077248,"Asia",1017462,27.41,"5981760278",17.05837822
"Oman",1990,141969632,"Asia",1804524,27.44,"11685045514",48.86399078
"Oman",2000,297979620,"Asia",2344253,27.92,"19507452536",114.59935
"Oman",2010,645103965,"Asia",2881914,28.46,"64993498049",240.6890411
"Oman",2015,941358689,"Asia",4191776,28.19,"78710793238",335.5657654
"Pakistan",1970,264985686,"Asia",59290872,21.19,"10027509450",102.9515305
"Pakistan",1980,501138125,"Asia",80624057,21.41,"23654444444",154.7486725
"Pakistan",1990,989752126,"Asia",115414069,21.38,"40010423970",305.4979553
"Pakistan",2000,1862929479,"Asia",154369924,21.82,"82017743416",483.754303
"Pakistan",2010,3229461507,"Asia",194454498,22.09,"177166000000",740.760437
"Pakistan",2015,4013942900,"Asia",210969298,22.32,"270556000000",815.8589478
"Palau",1970,846384,"Oceania",11366,27.63,"",0.0
"Palau",1980,2436560,"Oceania",12252,27.45,"",0.0
"Palau",1990,4195280,"Oceania",15293,27.68,"",0.0
"Palau",2000,6221472,"Oceania",19726,27.69,"146297500",0.0
"Palau",2010,8390560,"Oceania",18540,27.77,"185943000",0.0
"Palau",2015,9482432,"Oceania",17794,27.82,"280457700",0.0
"Panama",1970,24120804,"North America",1516188,26.42,"1351006400",0.0
"Panama",1980,55618494,"North America",1956987,26.66,"4614086400",53.87950516
"Panama",1990,85264856,"North America",2449968,26.93,"6433967000",52.77083588
"Panama",2000,130424992,"North America",3001731,26.71,"12304115000",67.06780243
"Panama",2010,201712545,"North America",3623617,27.03,"29440287600",91.28509521
"Panama",2015,253679876,"North America",3957099,27.22,"54091713800",112.3708038
"Papua New Guinea",1970,5038000,"Oceania",2489059,24.77,"645537126.2",0.0
"Papua New Guinea",1980,20042080,"Oceania",3104788,24.75,"2545983008",8.506217003
"Papua New Guinea",1990,40879248,"Oceania",3864972,24.94,"3219730365",11.18334484
"Papua New Guinea",2000,64402128,"Oceania",5508297,24.94,"3521339699",15.13319111
"Papua New Guinea",2010,108864768,"Oceania",7583269,25.34,"14250755231",21.74565887
"Papua New Guinea",2015,136810106,"Oceania",8682174,25.07,"21723531173",26.43454933
"Paraguay",1970,6967385,"South America",2408787,23.75,"594611111.1",0.0
"Paraguay",1980,17417170,"South America",3078912,23.6,"4448087302",8.111001968
"Paraguay",1990,34642576,"South America",4059195,23.6,"5812114523",67.67120361
"Paraguay",2000,69794234,"South America",5123819,23.63,"8855705140",124.6931915
"Paraguay",2010,111001192,"South America",5768613,23.62,"27129301212",129.4889832
"Paraguay",2015,138054590,"South America",6177950,22.82,"36211372703",136.6992188
"Peru",1970,384988782,"South America",13562371,20.14,"7432223177",74.04615021
"Peru",1980,599093707,"South America",17492406,20.33,"18127754429",107.7550659
"Peru",1990,822850350,"South America",22109099,20.23,"26410386669",107.128624
"Peru",2000,1075302205,"South America",26654439,20.23,"51744749133",148.7547455
"Peru",2010,1436547849,"South America",29229572,20.58,"147529000000",229.2721863
"Peru",2015,1681075957,"South America",30711863,19.98,"189805000000",286.809906
"Philippines",1970,227905242,"Asia",37435586,27.0,"7559179530",91.50548553
"Philippines",1980,560364565,"Asia",48419546,26.77,"36848242784",146.2891235
"Philippines",1990,902962050,"Asia",61558898,26.93,"50508286642",183.7908173
"Philippines",2000,1497821465,"Asia",77958223,27.01,"83669693589",301.4243469
"Philippines",2010,2228572356,"Asia",94636700,27.36,"208369000000",340.9176941
"Philippines",2015,2709843495,"Asia",103031365,27.42,"306446000000",443.4542847
"Poland",1970,9698064977,"Europe",32482943,6.82,"",987.9211426
"Poland",1980,13548640253,"Europe",35521429,6.69,"",1495.630127
"Poland",1990,17835400806,"Europe",38064255,9.23,"65977749037",1210.329712
"Poland",2000,21394444845,"Europe",38504431,9.62,"1.72219E+11",1017.524536
"Poland",2010,24638424078,"Europe",38597353,7.62,"479834000000",1166.174927
"Poland",2015,26245745616,"Europe",38553146,9.26,"477812000000",1112.314575
"Portugal",1970,396025688,"Europe",8683631,14.76,"8108235704",76.88243103
"Portugal",1980,611718550,"Europe",9785252,14.84,"32896519824",128.8047028
"Portugal",1990,933687189,"Europe",10007346,15.74,"78713860217",198.4642334
"Portugal",2000,1484557802,"Europe",10300626,15.39,"1.18605E+11",293.3221436
"Portugal",2010,2119169747,"Europe",10588401,15.68,"238113000000",305.0878296
"Portugal",2015,2369397063,"Europe",10365435,15.89,"199394000000",291.2280884
"Puerto Rico",1970,208848,"North America",2737619,25.7,"5034700000",0.0
"Puerto Rico",1980,208848,"North America",3214568,26.2,"14436100000",66.30799103
"Puerto Rico",1990,208848,"North America",3543776,25.94,"30603919000",66.79779053
"Puerto Rico",2000,208848,"North America",3827108,25.79,"61701800000",129.3852234
"Puerto Rico",2010,208848,"North America",3717922,26.64,"98381300000",98.04779053
"Puerto Rico",2015,208848,"North America",3497335,26.28,"103376000000",93.45121765
"Qatar",1970,57732400,"Asia",118007,27.29,"301791301.8",11.52568722
"Qatar",1980,169769272,"Asia",277450,27.44,"7829094613",53.3698082
"Qatar",1990,293202002,"Asia",441675,27.32,"7360439423",78.83766174
"Qatar",2000,594596653,"Asia",645937,27.99,"17759890110",134.1991272
"Qatar",2010,1142085763,"Asia",1713504,28.89,"125122000000",333.8802185
"Qatar",2015,1577289717,"Asia",2414573,28.57,"161740000000",592.2141113
"Romania",1970,1955414291,"Europe",19922618,9.11,"",432.0108337
"Romania",1980,3608805427,"Europe",22125224,8.08,"",731.8465576
"Romania",1990,5594679118,"Europe",22836234,10.23,"38995454545",735.215271
"Romania",2000,6758309261,"Europe",21919876,10.47,"37253259017",420.3319092
"Romania",2010,7721372522,"Europe",20335211,9.85,"166309000000",398.9329529
"Romania",2015,8118008100,"Europe",19906079,11.65,"177729000000",382.4642639
"Russia",1970,25025023943,"Europe",130093010,-5.52,"",0.0
"Russia",1980,43446603974,"Europe",138257420,-5.42,"",0.0
"Russia",1990,66382861851,"Europe",148005704,-4.02,"5.16814E+11",10076.10352
"Russia",2000,83323053279,"Europe",146844839,-4.55,"2.5971E+11",7214.090332
"Russia",2010,98920442277,"Europe",143242599,-4.52,"1524920000000",7814.577637
"Russia",2015,107000000000,"Europe",144668389,-2.26,"1363480000000",7880.102051
"Rwanda",1970,921023,"Africa",3896367,19.22,"219900006",0.0
"Rwanda",1980,2983855,"Africa",5247532,19.77,"1254765350",1.06113553
"Rwanda",1990,9247631,"Africa",7319962,19.55,"2550185618",3.521473408
"Rwanda",2000,14044932,"Africa",8109989,19.75,"2067579822",2.902221441
"Rwanda",2010,19341341,"Africa",10309031,20.27,"6121529488",3.349856138
"Rwanda",2015,23235407,"Africa",11642959,20.1,"8539424910",5.078818798
"Samoa",1970,362736,"Oceania",142771,26.49,"",0.0
"Samoa",1980,952640,"Oceania",164905,26.72,"",0.438610882
"Samoa",1990,1722080,"Oceania",168186,26.86,"125766269.8",0.595632672
"Samoa",2000,2898224,"Oceania",184008,26.84,"258856138.7",0.929491222
"Samoa",2010,4569008,"Oceania",194672,27.16,"663161528",1.26552701
"Samoa",2015,5569280,"Oceania",203571,27.18,"788307315",1.397460103
"Sao Tome and Principe",1970,179536,"Africa",77583,26.08,"",0.0
"Sao Tome and Principe",1980,417696,"Africa",97210,26.18,"",0.140407041
"Sao Tome and Principe",1990,916000,"Africa",120343,26.14,"",0.280351907
"Sao Tome and Principe",2000,1392320,"Africa",143714,26.19,"",0.292068094
"Sao Tome and Principe",2010,2161760,"Africa",182138,26.77,"196652514",0.562887907
"Sao Tome and Principe",2015,2737008,"Africa",201124,26.53,"316066072",0.643671095
"Saudi Arabia",1970,309762401,"Asia",6106191,25.98,"5377268848",262.8554382
"Saudi Arabia",1980,1358616944,"Asia",10171710,26.12,"1.64542E+11",419.9163208
"Saudi Arabia",1990,3189808776,"Asia",16004763,26.02,"1.1763E+11",928.3370361
"Saudi Arabia",2000,5929403156,"Asia",21547390,26.64,"1.89515E+11",1334.879639
"Saudi Arabia",2010,9902341655,"Asia",29411929,27.53,"528207000000",2426.722412
"Saudi Arabia",2015,12788069175,"Asia",32749848,27.74,"654270000000",3018.136475
"Senegal",1970,10982135,"Africa",4367744,28.57,"1297407829",0.0
"Senegal",1980,32613286,"Africa",5703869,28.55,"4510107330",10.2455349
"Senegal",1990,62048309,"Africa",7536001,28.51,"7390967035",10.63901329
"Senegal",2000,97341686,"Africa",9704287,28.53,"6013184809",19.90743256
"Senegal",2010,147886640,"Africa",12530121,29.3,"16121314671",26.85927773
"Senegal",2015,189490051,"Africa",14356181,29.3,"17774766636",37.07622528
"Serbia",1970,438644807,"Europe",7193533,10.06,"",0.0
"Serbia",1980,820184308,"Europe",7777010,9.36,"",0.0
"Serbia",1990,1343035142,"Europe",7987529,11.2,"",0.0
"Serbia",2000,1760711336,"Europe",7935022,11.79,"6875845987",0.0
"Serbia",2010,2288999306,"Europe",7653748,10.99,"41819468692",200.6211395
"Serbia",2015,2507161908,"Europe",7519496,12.84,"39655958843",187.7229156
"Seychelles",1970,80608,"Africa",54379,27.07,"18432031.36",0.0
"Seychelles",1980,776768,"Africa",65290,27.04,"147357222.8",0.939176679
"Seychelles",1990,2257024,"Africa",71057,27.22,"368584758.9",1.804972649
"Seychelles",2000,4601984,"Africa",80060,27.18,"614879764.8",3.760955811
"Seychelles",2010,8471168,"Africa",92409,27.74,"969940010",4.193400383
"Seychelles",2015,10658576,"Africa",99240,27.45,"1415998663",4.535706043
"Sierra Leone",1970,7064192,"Africa",2778557,26.4,"434410373.8",0.0
"Sierra Leone",1980,13087808,"Africa",3367477,26.49,"1100685845",3.138866425
"Sierra Leone",1990,18821968,"Africa",4325388,26.55,"649644826.8",4.277035236
"Sierra Leone",2000,21921712,"Africa",4584067,26.55,"635874002.2",1.876111746
"Sierra Leone",2010,26952384,"Africa",6436698,27.18,"2578026297",2.949768305
"Sierra Leone",2015,31488416,"Africa",7314773,26.95,"4218723875",4.334944248
"Singapore",1970,77889665,"Asia",2061831,26.85,"1920586698",87.20537567
"Singapore",1980,337132186,"Asia",2400729,26.96,"11896256783",111.5711594
"Singapore",1990,674715073,"Asia",3022209,27.13,"36144336769",273.1036072
"Singapore",2000,1166442078,"Asia",4053602,27.1,"96074477958",443.0144348
"Singapore",2010,1690353794,"Asia",5163590,27.6,"239809000000",797.8763428
"Slovenia",1970,124468723,"Europe",1741286,9.54,"",0.0
"Slovenia",1980,236699154,"Europe",1901570,9.05,"",0.0
"Slovenia",1990,387669787,"Europe",1986024,10.73,"",69.29792786
"Slovenia",2000,538686173,"Europe",1984339,11.59,"20289627637",78.62626648
"Slovenia",2010,706680045,"Europe",2057286,10.19,"48208240226",86.66013336
"Slovenia",2015,781020037,"Europe",2080862,11.74,"43107506024",74.82730865
"Solomon Islands",1970,337088,"Oceania",172833,26.73,"",0.0
"Solomon Islands",1980,1047904,"Oceania",233668,26.94,"182852054.2",0.43183884
"Solomon Islands",1990,2520832,"Oceania",324171,27.26,"214877638.4",0.703974247
"Solomon Islands",2000,4444432,"Oceania",429978,27.26,"419845231.8",1.056266427
"Solomon Islands",2010,7284032,"Oceania",540394,27.59,"846767636",1.556492805
"Solomon Islands",2015,8973136,"Oceania",612660,27.21,"1307082934",1.388433695
"South Africa",1970,3580190666,"Africa",22368306,17.72,"21218391522",421.4778748
"South Africa",1980,5496529344,"Africa",29463549,17.61,"89411894561",645.8641968
"South Africa",1990,8621175764,"Africa",39877570,17.73,"1.26048E+11",1029.668945
"South Africa",2000,12148799925,"Africa",46813266,17.59,"1.51753E+11",1185.383179
"South Africa",2010,16521105019,"Africa",51784921,18.3,"417365000000",1462.798706
"South Africa",2015,18843258345,"Africa",55876504,17.33,"346710000000",1415.295898
"South Korea",1970,385613453,"Asia",32601143,11.71,"9005023184",167.4657898
"South Korea",1980,1313667415,"Asia",38170501,11.26,"65398646758",454.0319214
"South Korea",1990,3119547525,"Asia",44120039,13.23,"2.83368E+11",1066.036621
"South Korea",2000,6861294528,"Asia",46788591,12.58,"5.76178E+11",2245.912842
"South Korea",2010,11968354587,"Asia",48813042,12.64,"1144070000000",3045.098877
"South Korea",2015,15123440479,"Asia",50994401,13.76,"1465770000000",3332.722168
"Spain",1970,2387668187,"Europe",33792617,13.72,"40992995008",528.7605591
"Spain",1980,4178267023,"Europe",37491666,13.6,"2.32767E+11",887.0161743
"Spain",1990,6226153686,"Europe",38889889,14.76,"5.36559E+11",1068.754517
"Spain",2000,8888565509,"Europe",40741651,14.47,"5.98363E+11",1527.636963
"Spain",2010,12244624388,"Europe",46572772,14.25,"1422110000000",1709.882324
"Spain",2015,13587806073,"Europe",46431342,14.86,"1195600000000",1574.96228
"Sri Lanka",1970,49726044,"Asia",12388769,27.21,"2296470588",19.76358032
"Sri Lanka",1980,82306928,"Asia",14943645,27.65,"4024621900",23.01342583
"Sri Lanka",1990,121824639,"Asia",17204094,27.53,"8032551173",29.8869915
"Sri Lanka",2000,188171638,"Asia",18776371,27.47,"16330814180",53.54662323
"Sri Lanka",2010,306409030,"Asia",20668557,27.88,"56725749222",69.61589813
"Sri Lanka",2015,389293610,"Asia",21336697,28.18,"80604080689",95.52290344
"Sudan",1970,34339411,"Africa",11305206,27.08,"2437666667",0.0
"Sudan",1980,74652093,"Africa",16673586,27.68,"8951800000",15.19894218
"Sudan",1990,111547925,"Africa",21090886,27.64,"33641222222",18.6283493
"Sudan",2000,153391391,"Africa",26298773,27.46,"12257418326",31.09944725
"Sudan",2010,261518904,"Africa",33739933,28.65,"74151186600",87.87111664
"Sudan",2015,343057395,"Africa",38171178,28.57,"84985132167",90.99023438
"Suriname",1970,13369936,"South America",379918,26.52,"274900000",0.0
"Suriname",1980,33502704,"South America",375112,26.76,"795000000",11.435709
"Suriname",1990,50898266,"South America",412756,26.68,"388400000",10.05649662
"Suriname",2000,71698970,"South America",478998,26.59,"947671969.7",8.362971306
"Suriname",2010,90124236,"South America",546080,27.41,"4368398048",13.78025436
"Suriname",2015,103194295,"South America",575475,26.96,"5126291451",10.52755928
"Sweden",1970,2002672803,"Europe",8027702,1.85,"38092452061",486.528656
"Sweden",1980,2829797376,"Europe",8311763,1.88,"1.42092E+11",641.0288696
"Sweden",1990,3431411759,"Europe",8548406,4.5,"2.61846E+11",682.3115845
"Sweden",2000,4014500371,"Europe",8871043,4.42,"2.62835E+11",639.4699097
"Sweden",2010,4552257184,"Europe",9381729,1.66,"495813000000",621.6394043
"Sweden",2015,4780432845,"Europe",9849349,4.2,"505104000000",629.0020752
"Switzerland",1970,930700617,"Europe",6181227,6.82,"",249.0656738
"Switzerland",1980,1346186939,"Europe",6319113,6.54,"1.22661E+11",307.226532
"Switzerland",1990,1747203583,"Europe",6711693,8.26,"2.65987E+11",331.6253967
"Switzerland",2000,2188848011,"Europe",7182059,8.56,"2.79841E+11",364.3362732
"Switzerland",2010,2635113846,"Europe",7822435,7.23,"603434000000",349.780304
"Switzerland",2015,2839501827,"Europe",8281732,8.18,"702150000000",336.0969543
"Tajikistan",1970,139334095,"Asia",2993019,4.87,"",0.0
"Tajikistan",1980,242345660,"Asia",4045965,5.14,"",0.0
"Tajikistan",1990,365773224,"Asia",5417860,5.2,"2631768953",0.0
"Tajikistan",2000,405041376,"Asia",6272998,5.39,"860521119.3",58.80970383
"Tajikistan",2010,430035734,"Asia",7621779,5.56,"5642178580",57.19694138
"Tajikistan",2015,448119179,"Asia",8524063,6.56,"8271454301",63.24625015
"Tanzania",1970,19654570,"Africa",13618192,22.37,"",0.0
"Tanzania",1980,42975698,"Africa",19297659,22.65,"",11.0413866
"Tanzania",1990,65302706,"Africa",26206012,22.71,"4258743263",15.96526623
"Tanzania",2000,89521188,"Africa",34463704,22.79,"13375976354",17.48687172
"Tanzania",2010,139528759,"Africa",45110527,23.27,"32014249841",38.17411423
"Tanzania",2015,186789771,"Africa",52542823,22.77,"47378599025",52.43766785
"Thailand",1970,123776954,"Asia",35791728,26.4,"7086538438",67.27355194
"Thailand",1980,410076586,"Asia",45737753,26.81,"32353440727",145.3614349
"Thailand",1990,958865093,"Asia",55228410,26.59,"85343063966",357.6629333
"Thailand",2000,2415558235,"Asia",63066603,26.3,"1.26392E+11",741.9501343
"Thailand",2010,4609523027,"Asia",68270489,27.39,"341105000000",1222.371826
"Thailand",2015,5989336794,"Asia",70294397,27.86,"401296000000",1423.437744
"Togo",1970,2092144,"Africa",2197383,27.26,"253976626.2",0.0
"Togo",1980,7241010,"Africa",2838110,27.27,"1136408814",2.802639484
"Togo",1990,15480774,"Africa",3875947,27.52,"1628427515",2.976620197
"Togo",2000,27427233,"Africa",5008035,27.44,"1491891108",4.743121624
"Togo",2010,45055440,"Africa",6571855,28.06,"3429461495",11.55533123
"Togo",2015,54825143,"Africa",7473229,27.72,"4180866177",6.194989681
"Tonga",1970,216176,"Oceania",86484,23.68,"",0.0
"Tonga",1980,512960,"Oceania",96708,23.51,"53260077.43",0.123421863
"Tonga",1990,1066224,"Oceania",98727,23.64,"113563821.6",0.392834902
"Tonga",2000,1971232,"Oceania",102603,24.03,"204849612.6",0.438167542
"Tonga",2010,3114400,"Oceania",107383,24.11,"366840012",0.534206629
"Tonga",2015,3671328,"Oceania",106122,24.29,"437006227",0.559965074
"Trinidad and Tobago",1970,268405841,"North America",988890,26.46,"821850000",44.680580140000004
"Trinidad and Tobago",1980,394791370,"North America",1127852,26.68,"6235833333",47.95025253
"Trinidad and Tobago",1990,568705224,"North America",1266518,26.66,"5068000000",69.5999527
"Trinidad and Tobago",2000,763405817,"North America",1332203,26.63,"8154338233",118.8354187
"Trinidad and Tobago",2010,1144259491,"North America",1410296,27.55,"22157948396",233.8702393
"Trinidad and Tobago",2015,1373197409,"North America",1460177,27.09,"25191551350",222.302887
"Tunisia",1970,45605355,"Africa",5047404,20.1,"1439238095",0.0
"Tunisia",1980,108583692,"Africa",6578156,19.5,"8744134354",37.69141006
"Tunisia",1990,224785001,"Africa",8440023,20.93,"12290568182",58.76145172
"Tunisia",2000,391643359,"Africa",9893316,21.14,"21473261837",89.0777359
"Tunisia",2010,619910731,"Africa",10895063,21.61,"46206091938",88.80234528
"Tunisia",2015,755772222,"Africa",11557779,21.89,"45780128467",112.222084
"Uganda",1970,10274379,"Africa",10317212,23.05,"1260084034",0.0
"Uganda",1980,20364666,"Africa",13284026,23.63,"1244610000",4.679567814
"Uganda",1990,27141936,"Africa",17586630,23.27,"4304398866",5.71000576
"Uganda",2000,37055040,"Africa",24020697,23.56,"6193246837",10.35161495
"Uganda",2010,59498928,"Africa",32341728,23.92,"26673441667",19.99497604
"Uganda",2015,79319750,"Africa",37477356,24.02,"32387183845",26.90833664
"Ukraine",1970,7936874995,"Europe",47279086,8.15,"",0.0
"Ukraine",1980,13771391954,"Europe",49973920,6.9,"",0.0
"Ukraine",1990,20802665876,"Europe",51589817,9.4,"81393558423",3194.697266
"Ukraine",2000,24947364744,"Europe",48879755,9.32,"32375280321",1585.456543
"Ukraine",2010,28043034658,"Europe",45683020,9.45,"141210000000",1426.914673
"Ukraine",2015,29433544289,"Europe",44982564,10.91,"91030959455",1003.407898
"United Arab Emirates",1970,38039648,"Asia",298084,28.26,"",9.60559082
"United Arab Emirates",1980,372085277,"Asia",1014048,28.3,"43598748449",108.1564178
"United Arab Emirates",1990,825099563,"Asia",1900151,28.26,"50701443748",344.9526978
"United Arab Emirates",2000,1563601791,"Asia",3275333,28.88,"1.04337E+11",535.7819214
"United Arab Emirates",2010,2834881711,"Asia",8481771,29.67,"289787000000",972.4916992
"United Arab Emirates",2015,3853321735,"Asia",8916899,29.37,"358135000000",1230.963135
"United Kingdom",1970,50847980231,"Europe",55650166,8.67,"1.30672E+11",2551.042969
"United Kingdom",1980,57067551932,"Europe",56326328,8.64,"5.64948E+11",2381.125488
"United Kingdom",1990,62703002706,"Europe",57210442,9.67,"1.09317E+12",2508.393555
"United Kingdom",2000,68470975750,"Europe",58850043,9.38,"1.66213E+12",2664.496582
"United Kingdom",2010,73998525977,"Europe",62760039,8.39,"2491110000000",2489.401855
"United Kingdom",2015,76293764798,"Europe",65224364,9.0,"2956570000000",2276.858643
"United States",1970,154000000000,"North America",200328340,8.67,"1.0733E+12",18205.83984
"United States",1980,202000000000,"North America",223140018,9.14,"2.85731E+12",20751.95898
"United States",1990,249000000000,"North America",248083732,9.52,"5.96314E+12",22606.61328
"United States",2000,304000000000,"North America",282398554,9.65,"1.02509E+13",26545.42578
"United States",2010,364000000000,"North America",311182845,9.51,"15049000000000",25951.86523
"United States",2015,391000000000,"North America",324607776,11.3,"18206000000000",25747.0332
"Uruguay",1970,91136572,"South America",2790265,17.58,"2137096774",0.0
"Uruguay",1980,149752907,"South America",2953750,18.06,"10163020116",31.648548130000002
"Uruguay",1990,190801563,"South America",3117012,17.7,"9298839655",39.43112564
"Uruguay",2000,242006768,"South America",3292224,17.76,"22823255802",48.0713501
"Uruguay",2010,302404303,"South America",3352651,17.92,"40284481652",61.30250549
"Uruguay",2015,339550899,"South America",3402818,16.75,"53274304222",66.64479828
"Uzbekistan",1970,1092013298,"Asia",12011361,12.98,"",0.0
"Uzbekistan",1980,1905253093,"Asia",15947129,13.03,"",0.0
"Uzbekistan",1990,2907464395,"Asia",20579100,13.46,"13360607918",520.9085083
"Uzbekistan",2000,4021038044,"Asia",24925554,13.94,"13760513969",599.5480957
"Uzbekistan",2010,5209877785,"Asia",28614227,14.33,"49765676402",531.1976318
"Uzbekistan",2015,5753311800,"Asia",30949417,16.19,"86196265192",538.1037598
"Vietnam",1970,348806677,"Asia",41928849,23.92,"",90.64347076
"Vietnam",1980,539814300,"Asia",52968270,24.17,"",54.14982605
"Vietnam",1990,739364264,"Asia",66912613,24.27,"6471740806",77.12802887
"Vietnam",2000,1084930377,"Asia",79001142,23.98,"31172518403",214.1489563
"Vietnam",2010,2045911557,"Asia",87411012,24.83,"147199000000",540.2252197
"Vietnam",2015,2850924130,"Asia",92191398,25.23,"239257000000",832.2893066
"Yemen",1970,62929200,"Asia",6843607,26.38,"",0.0
"Yemen",1980,88715988,"Asia",9204938,26.86,"",27.98602104
"Yemen",1990,166655132,"Asia",13375121,26.64,"5647119229",47.05994034
"Yemen",2000,275721826,"Asia",18628700,27.44,"9652436180",60.13737488
"Yemen",2010,474047019,"Asia",24743946,27.3,"30906749533",99.73686218
"Yemen",2015,574503793,"Asia",28516545,28.13,"42444495590",52.37145233
"Zambia",1970,79358126,"Africa",4281671,21.63,"1825285714",0.0
"Zambia",1980,118410164,"Africa",5720438,21.34,"3829500000",39.01263428
"Zambia",1990,147702389,"Africa",7686401,22.22,"3285217391",32.94952774
"Zambia",2000,169542743,"Africa",9891136,21.56,"3600683040",29.19238663
"Zambia",2010,192949360,"Africa",13792086,22.27,"20265559484",38.17836761
"Zambia",2015,214878237,"Africa",16248230,21.2,"21251216799",50.61433792
"Zimbabwe",1970,205858226,"Africa",5202918,21.8,"1884206300",0.0
"Zimbabwe",1980,297900182,"Africa",7049926,21.13,"6678868200",41.46146011
"Zimbabwe",1990,422536707,"Africa",10113893,22.13,"8783816700",61.26522827
"Zimbabwe",2000,575718298,"Africa",11834676,21.15,"6689957600",58.22096634
"Zimbabwe",2010,672134841,"Africa",12839771,21.99,"12041655200",46.1291008
"Zimbabwe",2015,725729475,"Africa",14154937,20.71,"19963120600",54.65108109
